Id,CUSTOMER_NAME,info1,info2,info3,pop,type,Duplicate,MASTER,CHANNEL,ADDRESS,WARD_PHUONG,QUAN_DISTRICT,CITY_PROVINCE,Phone_numb,Picture,Name_GOOGLE_API_PHARMA_NOT_COVER,amenity,latitude,longitude,geo,date_entered,date_issued,NAME_1,ID_2,NAME_2,ID_3,NAME_3
1,Jatri,x,x,,,Home,,,,30 Butterfield Plaza,Alcabideche,Cascais,Lisboa,x,x,,Home,38.751115,-9.4574506,"-9.4574506,38.751115",2015-10-30T00:00:00,2015-10-30T00:00:00,Lisboa,170,Cascais,2356,Alcabideche
5,Vipe,x,x,,,Health,,,,9097 Sloan Parkway,Nevogilde,Lousada,Porto,x,x,Nha Thuoc Tu Nhan Trung Lap,Health,41.2609927,-8.3135858,"-8.3135858,41.2609927",2015-10-30T00:00:00,2015-10-30T00:00:00,Porto,211,Lousada,2794,Nevogilde
14,Skibox,x,x,,,Home,,,,884 Graceland Lane,Fataunços,Vouzela,Porto,x,x,US Pharma USA,Home,40.7255697,-8.0878236,"-8.0878236,40.7255697",2015-10-30T00:00:00,2015-10-30T00:00:00,Viseu,306,Vouzela,4253,Fataunços
16,Quaxo,x,x,,,Health,,,,757 Reinke Trail,Guidões,Trofa,Porto,x,x,,Health,41.3272921,-8.6275135,"-8.6275135,41.3272921",2015-10-30T00:00:00,2015-10-30T00:00:00,Porto,221,Trofa,2995,Guidões
22,Photospace,x,x,,,Health,,,,7704 Coleman Plaza,Alverca Do Ribatejo,Vila Franca de Xira,Lisboa,x,x,Vuon tram,Health,38.9083752,-9.050741,"-9.050741,38.9083752",2015-10-30T00:00:00,2015-10-30T00:00:00,Lisboa,180,Vila Franca de Xira,2521,Alverca Do Ribatejo
24,Jaloo,x,x,,,Home,,,,7 Cherokee Avenue,Sintra (São Pedro De Penaferrim),Sintra,Lisboa,x,x,,Home,38.7930999,-9.3809443,"-9.3809443,38.7930999",2015-10-30T00:00:00,2015-10-30T00:00:00,Lisboa,177,Sintra,2494,Sintra (São Pedro De Penaferrim)
28,Kwimbee,x,x,,,Home,,,,287 Sunnyside Lane,Algoz,Silves,Faro,x,x,,Home,37.1623309,-8.3013935,"-8.3013935,37.1623309",2015-10-30T00:00:00,2015-10-30T00:00:00,Faro,132,Silves,1807,Algoz
41,Roombo,x,x,6451,yes,Health,,,,395 Mallard Way,Bougado (São Martinho),Trofa,Porto,x,x,,Health,41.3432066,-8.5660453,"-8.5660453,41.3432066",2015-10-30T00:00:00,2015-10-30T00:00:00,Porto,221,Trofa,2990,Bougado (São Martinho)
44,Youspan,x,x,,no,Health,,,,10511 Dennis Court,Oldrões,Penafiel,Porto,x,x,,Health,41.1518573,-8.3018059,"-8.3018059,41.1518573",2015-10-30T00:00:00,2015-10-30T00:00:00,Porto,218,Penafiel,2932,Oldrões
45,Devshare,x,x,,no,Industrial,,,,549 Melrose Lane,Coronado (São Romão),Trofa,Porto,x,x,,Industrial,41.2771802,-8.5427054,"-8.5427054,41.2771802",2015-10-30T00:00:00,2015-10-30T00:00:00,Porto,221,Trofa,2993,Coronado (São Romão)
47,Twinder,x,x,,no,Industrial,,,,8 Menomonie Parkway,Ansiães,Amarante,Porto,x,x,,Industrial,41.2496914,-7.948491,"-7.948491,41.2496914",2015-10-30T00:00:00,2015-10-30T00:00:00,Porto,207,Amarante,2676,Ansiães
54,Nlounge,x,x,,no,Industrial,,,,9796 Mayer Road,São Julião Do Tojal,Loures,Lisboa,x,x,,Industrial,38.8426524,-9.1289108,"-9.1289108,38.8426524",2015-10-30T00:00:00,2015-10-30T00:00:00,Lisboa,172,Loures,2427,São Julião Do Tojal
60,Youtags,x,x,,no,Health,,,,542 Comanche Street,Borba De Godim,Felgueiras,Porto,x,x,,Health,41.3281534,-8.1222717,"-8.1222717,41.3281534",2015-10-30T00:00:00,2015-10-30T00:00:00,Porto,209,Felgueiras,2735,Borba De Godim
65,Edgewire,x,x,,no,Industrial,,,,37 3rd Street,Amorim,Póvoa de Varzim,Porto,x,x,,Industrial,41.40517,-8.7463716,"-8.7463716,41.40517",2015-10-30T00:00:00,2015-10-30T00:00:00,Porto,215,Póvoa de Varzim,2862,Amorim
73,Browsecat,x,x,,no,Health,,,,36 La Follette Avenue,Sintra (São Pedro De Penaferrim),Sintra,Lisboa,x,x,,Health,38.7865307,-9.3643528,"-9.3643528,38.7865307",2015-10-30T00:00:00,2015-10-30T00:00:00,Lisboa,177,Sintra,2494,Sintra (São Pedro De Penaferrim)
80,Skipstorm,x,x,,no,Industrial,,,,459 Tennessee Alley,Santa Iria De Azoia,Vila Franca de Xira,Lisboa,x,x,,Industrial,38.8403484,-9.1062978,"-9.1062978,38.8403484",2015-10-30T00:00:00,2015-10-30T00:00:00,Lisboa,180,Vila Franca de Xira,2528,Santa Iria De Azoia
87,Rhyloo,x,x,,no,Health,,,,8 Swallow Crossing,Idães,Felgueiras,Porto,x,x,,Health,41.3395549,-8.2519171,"-8.2519171,41.3395549",2015-10-30T00:00:00,2015-10-30T00:00:00,Porto,209,Felgueiras,2738,Idães
88,Jabbersphere,x,x,,no,Health,,,,14051 Londonderry Alley,São João Das Lampas,Sintra,Lisboa,x,x,,Health,38.8742482,-9.3993262,"-9.3993262,38.8742482",2015-10-30T00:00:00,2015-10-30T00:00:00,Lisboa,177,Sintra,2491,São João Das Lampas
90,Oyondu,x,x,,no,Industrial,,,,16 Memorial Hill,Alverca Do Ribatejo,Vila Franca de Xira,Lisboa,x,x,,Industrial,38.9025835,-9.040848,"-9.040848,38.9025835",2015-10-30T00:00:00,2015-10-30T00:00:00,Lisboa,180,Vila Franca de Xira,2521,Alverca Do Ribatejo
91,Tagopia,x,x,,no,Home,,,,17939 Golf Course Park,Colares,Sintra,Lisboa,x,x,,Home,38.807616,-9.4519959,"-9.4519959,38.807616",2015-10-30T00:00:00,2015-10-30T00:00:00,Lisboa,177,Sintra,2483,Colares
104,Yodel,x,x,,no,Health,,,,4 Blackbird Trail,Varziela,Felgueiras,Porto,x,x,,Health,41.3532895,-8.2103678,"-8.2103678,41.3532895",2015-10-30T00:00:00,2015-10-30T00:00:00,Porto,209,Felgueiras,2760,Varziela
118,Brainverse,x,x,,no,Health,,,,52 Golden Leaf Hill,Algueirão-Mem Martins,Sintra,Lisboa,x,x,,Health,38.8053198,-9.353007,"-9.353007,38.8053198",2015-10-30T00:00:00,2015-10-30T00:00:00,Lisboa,177,Sintra,2478,Algueirão-Mem Martins
120,Ailane,x,x,,no,Home,,,,939 Amoth Plaza,Ansiães,Amarante,Porto,x,x,,Home,41.2529921,-7.9536382,"-7.9536382,41.2529921",2015-10-30T00:00:00,2015-10-30T00:00:00,Porto,207,Amarante,2676,Ansiães
133,Mynte,x,x,,no,Industrial,,,,0064 Pepper Wood Circle,Boim,Lousada,Porto,x,x,,Industrial,41.2600949,-8.2803826,"-8.2803826,41.2600949",2015-10-30T00:00:00,2015-10-30T00:00:00,Porto,211,Lousada,2780,Boim
142,Thoughtbeat,x,x,,no,Industrial,,,,7 Mockingbird Avenue,Perosinho,Vila Nova de Gaia,Porto,x,x,,Industrial,41.0623236,-8.5828152,"-8.5828152,41.0623236",2015-10-30T00:00:00,2015-10-30T00:00:00,Porto,224,Vila Nova de Gaia,3045,Perosinho
145,Brainverse,x,x,,no,Industrial,,,,39189 Park Meadow Alley,Pinheiro,Penafiel,Porto,x,x,,Industrial,41.1150364,-8.2958281,"-8.2958281,41.1150364",2015-10-30T00:00:00,2015-10-30T00:00:00,Porto,218,Penafiel,2937,Pinheiro
149,Browsedrive,x,x,,no,Industrial,,,,0 Kings Plaza,Paço De Arcos,Oeiras,Lisboa,x,x,,Industrial,38.7015108,-9.2848171,"-9.2848171,38.7015108",2015-10-30T00:00:00,2015-10-30T00:00:00,Lisboa,176,Oeiras,2474,Paço De Arcos
162,Wordware,x,x,,no,Health,,,,81 Nevada Parkway,Alcabideche,Cascais,Lisboa,x,x,,Health,38.7270379,-9.3866338,"-9.3866338,38.7270379",2015-10-30T00:00:00,2015-10-30T00:00:00,Lisboa,170,Cascais,2356,Alcabideche
163,Tambee,x,x,,no,Industrial,,,,6445 Dunning Circle,Abrigada,Alenquer,Lisboa,x,x,,Industrial,39.1314511,-9.0148912,"-9.0148912,39.1314511",2015-10-30T00:00:00,2015-10-30T00:00:00,Lisboa,165,Alenquer,2306,Abrigada
164,Babbleblab,x,x,,no,Home,,,,5 Redwing Center,Mancelos,Amarante,Porto,x,x,,Home,41.2757596,-8.1685136,"-8.1685136,41.2757596",2015-10-30T00:00:00,2015-10-30T00:00:00,Porto,207,Amarante,2699,Mancelos
165,Twitterbridge,x,x,14013,yes,Home,,,,96098 Westport Junction,Parada De Todeia,Paredes,Porto,x,x,,Home,41.167279,-8.3704583,"-8.3704583,41.167279",2015-10-30T00:00:00,2015-10-30T00:00:00,Porto,217,Paredes,2904,Parada De Todeia
168,Edgeblab,x,x,,no,Home,,,,7 Arizona Place,Arruda Dos Vinhos,Arruda dos Vinhos,Lisboa,x,x,,Home,38.9835516,-9.0774591,"-9.0774591,38.9835516",2015-10-30T00:00:00,2015-10-30T00:00:00,Lisboa,167,Arruda dos Vinhos,2334,Arruda Dos Vinhos
170,Realcube,x,x,,no,Home,,,,3281 Macpherson Trail,Castro Marim,Castro Marim,Faro,x,x,,Home,37.235148,-7.4496429,"-7.4496429,37.235148",2015-10-30T00:00:00,2015-10-30T00:00:00,Faro,123,Castro Marim,1764,Castro Marim
174,Thoughtsphere,x,x,,no,Industrial,,,,93364 David Point,Freixo De Cima,Amarante,Porto,x,x,,Industrial,41.308715,-8.1332997,"-8.1332997,41.308715",2015-10-30T00:00:00,2015-10-30T00:00:00,Porto,207,Amarante,2689,Freixo De Cima
175,Realmix,x,x,,no,Health,,,,83814 Jay Hill,Cascais,Cascais,Lisboa,x,x,,Health,38.7326381,-9.4508962,"-9.4508962,38.7326381",2015-10-30T00:00:00,2015-10-30T00:00:00,Lisboa,170,Cascais,2358,Cascais
176,Muxo,x,x,8584,yes,Health,,,,31 Waubesa Trail,Vilela,Paredes,Porto,x,x,,Health,41.2365246,-8.3826794,"-8.3826794,41.2365246",2015-10-30T00:00:00,2015-10-30T00:00:00,Porto,217,Paredes,2911,Vilela
182,Vidoo,x,x,,no,Health,,,,797 Burning Wood Trail,Vilar De Pinheiro,Vila do Conde,Porto,x,x,,Health,41.2658376,-8.6729604,"-8.6729604,41.2658376",2015-10-30T00:00:00,2015-10-30T00:00:00,Porto,223,Vila do Conde,3030,Vilar De Pinheiro
184,Tanoodle,x,x,,no,Health,,,,2 Truax Road,Lagoa,Lagoa,Faro,x,x,,Health,37.1358509,-8.4528179,"-8.4528179,37.1358509",2015-10-30T00:00:00,2015-10-30T00:00:00,Faro,125,Lagoa,1775,Lagoa
187,Edgeblab,x,x,,no,Industrial,,,,1330 Graedel Road,Barcarena,Oeiras,Lisboa,x,x,,Industrial,38.728816,-9.2845804,"-9.2845804,38.728816",2015-10-30T00:00:00,2015-10-30T00:00:00,Lisboa,176,Oeiras,2468,Barcarena
188,Voonte,x,x,,no,Health,,,,975 Judy Road,Almargem Do Bispo,Sintra,Lisboa,x,x,,Health,38.8491962,-9.2710509,"-9.2710509,38.8491962",2015-10-30T00:00:00,2015-10-30T00:00:00,Lisboa,177,Sintra,2479,Almargem Do Bispo
192,Browsecat,x,x,,no,Health,,,,32 Packers Circle,Sintra (Santa Maria E São Miguel),Sintra,Lisboa,x,x,,Health,38.8179787,-9.3854336,"-9.3854336,38.8179787",2015-10-30T00:00:00,2015-10-30T00:00:00,Lisboa,177,Sintra,2495,Sintra (Santa Maria E São Miguel)
195,Geba,x,x,,no,Health,,,,2 Prairieview Circle,Paço De Sousa,Penafiel,Porto,x,x,,Health,41.1690927,-8.3593779,"-8.3593779,41.1690927",2015-10-30T00:00:00,2015-10-30T00:00:00,Porto,218,Penafiel,2933,Paço De Sousa
199,Brainverse,x,x,,no,Health,,,,09659 Clove Junction,Muro,Trofa,Porto,x,x,,Health,41.3015266,-8.5820391,"-8.5820391,41.3015266",2015-10-30T00:00:00,2015-10-30T00:00:00,Porto,221,Trofa,2996,Muro
202,Camido,x,x,,no,Home,,,,177 Northfield Park,Lagoa,Lagoa,Faro,x,x,,Home,37.1358509,-8.4528179,"-8.4528179,37.1358509",2015-10-30T00:00:00,2015-10-30T00:00:00,Faro,125,Lagoa,1775,Lagoa
209,Eabox,x,x,,no,Health,,,,644 Bellgrove Junction,Sintra (São Martinho),Sintra,Lisboa,x,x,,Health,38.8190181,-9.3945817,"-9.3945817,38.8190181",2015-10-30T00:00:00,2015-10-30T00:00:00,Lisboa,177,Sintra,2493,Sintra (São Martinho)
211,Vipe,x,x,24560,yes,Health,,30198337,,5218 Buhler Road,A Dos Cunhados,Torres Vedras,Lisboa,x,x,,Health,39.1605965,-9.3472738,"-9.3472738,39.1605965",2015-10-30T00:00:00,2015-10-30T00:00:00,Lisboa,179,Torres Vedras,2500,A Dos Cunhados
218,Edgewire,x,x,,no,Home,,,,335 Dwight Place,Cascais,Cascais,Lisboa,x,x,,Home,38.7121599,-9.4356652,"-9.4356652,38.7121599",2015-10-30T00:00:00,2015-10-30T00:00:00,Lisboa,170,Cascais,2358,Cascais
220,Avamba,x,x,,no,Home,,,,901 Valley Edge Road,Vila Boa Do Bispo,Marco de Canaveses,Porto,x,x,,Home,41.129239,-8.207141,"-8.207141,41.129239",2015-10-30T00:00:00,2015-10-30T00:00:00,Porto,213,Marco de Canaveses,2849,Vila Boa Do Bispo
233,Vinte,x,x,,no,Health,,,,33 Merchant Alley,Vairão,Vila do Conde,Porto,x,x,,Health,41.3309238,-8.667162,"-8.667162,41.3309238",2015-10-30T00:00:00,2015-10-30T00:00:00,Porto,223,Vila do Conde,3027,Vairão
235,Skinix,x,x,,no,Home,,,,8 Morningstar Plaza,Santa Iria De Azoia,Vila Franca de Xira,Lisboa,x,x,,Home,38.8403484,-9.1062978,"-9.1062978,38.8403484",2015-10-30T00:00:00,2015-10-30T00:00:00,Lisboa,180,Vila Franca de Xira,2528,Santa Iria De Azoia
237,Browsecat,x,x,,no,Industrial,,,,212 Cambridge Point,Azueira,Mafra,Lisboa,x,x,,Industrial,39.0107208,-9.285291,"-9.285291,39.0107208",2015-10-30T00:00:00,2015-10-30T00:00:00,Lisboa,174,Mafra,2443,Azueira
261,Centidel,x,x,,no,Health,,,,96 Park Meadow Plaza,Amorim,Póvoa de Varzim,Porto,x,x,,Health,41.40517,-8.7463716,"-8.7463716,41.40517",2015-10-30T00:00:00,2015-10-30T00:00:00,Porto,215,Póvoa de Varzim,2862,Amorim
269,Eadel,x,x,,no,Industrial,,,,935 Vermont Point,Sande (São Lourenço),Braga,Porto,x,x,,Industrial,41.5024723,-8.3487249,"-8.3487249,41.5024723",2015-10-30T00:00:00,2015-10-30T00:00:00,Braga,69,Braga,776,Sande (São Lourenço)
274,Plambee,x,x,,no,Home,,,,4 Badeau Park,Sintra (São Martinho),Sintra,Lisboa,x,x,,Home,38.8145081,-9.4043725,"-9.4043725,38.8145081",2015-10-30T00:00:00,2015-10-30T00:00:00,Lisboa,177,Sintra,2493,Sintra (São Martinho)
275,Fivebridge,x,x,,no,Industrial,,,,81352 Vermont Road,Canelas,Vila Nova de Gaia,Porto,x,x,,Industrial,41.0907665,-8.60487,"-8.60487,41.0907665",2015-10-30T00:00:00,2015-10-30T00:00:00,Porto,224,Vila Nova de Gaia,3034,Canelas
281,Avaveo,x,x,,no,Home,,,,3243 Mariners Cove Center,Barão De São Miguel,Vila do Bispo,Faro,x,x,,Home,37.1073284,-8.7960152,"-8.7960152,37.1073284",2015-10-30T00:00:00,2015-10-30T00:00:00,Faro,133,Vila do Bispo,1814,Barão De São Miguel
293,Thoughtsphere,x,x,,no,Home,,,,477 Moose Circle,Oeiras E São Julião Da Barra,Oeiras,Lisboa,x,x,,Home,38.6969299,-9.3053201,"-9.3053201,38.6969299",2015-10-30T00:00:00,2015-10-30T00:00:00,Lisboa,176,Oeiras,2473,Oeiras E São Julião Da Barra
298,Fivebridge,x,x,,no,Health,,,,51 Anderson Parkway,Nossa Senhora De Fátima,Lisboa,Porto,x,x,,Health,38.7360496,-9.1418159,"-9.1418159,38.7360496",2015-10-30T00:00:00,2015-10-30T00:00:00,Lisboa,171,Lisboa,2384,Nossa Senhora De Fátima
299,Skibox,x,x,,no,Industrial,,,,194 Graedel Trail,Santa Cruz Do Bispo,Matosinhos,Porto,x,x,,Industrial,41.2169163,-8.6759571,"-8.6759571,41.2169163",2015-10-30T00:00:00,2015-10-30T00:00:00,Porto,214,Matosinhos,2858,Santa Cruz Do Bispo
301,Devify,x,x,,no,Health,,,,20428 Homewood Terrace,Alverca Do Ribatejo,Vila Franca de Xira,Lisboa,x,x,,Health,38.9022136,-9.0443293,"-9.0443293,38.9022136",2015-10-30T00:00:00,2015-10-30T00:00:00,Lisboa,180,Vila Franca de Xira,2521,Alverca Do Ribatejo
309,Rhynoodle,x,x,,no,Home,,,,98 Bunting Terrace,Gove,Baião,Porto,x,x,,Home,41.1588991,-8.0638522,"-8.0638522,41.1588991",2015-10-30T00:00:00,2015-10-30T00:00:00,Porto,208,Baião,2718,Gove
311,Flipbug,x,x,,no,Health,,,,21 Spaight Pass,Duas Igrejas,Paredes,Porto,x,x,,Health,41.2267295,-8.378101,"-8.378101,41.2267295",2015-10-30T00:00:00,2015-10-30T00:00:00,Porto,217,Paredes,2897,Duas Igrejas
314,Cogilith,x,x,,no,Home,,,,46 Fallview Parkway,Mancelos,Amarante,Porto,x,x,,Home,41.2615617,-8.1756398,"-8.1756398,41.2615617",2015-10-30T00:00:00,2015-10-30T00:00:00,Porto,207,Amarante,2699,Mancelos
318,Trupe,x,x,,no,Industrial,,,,381 Dayton Place,Belas,Sintra,Lisboa,x,x,,Industrial,38.7699889,-9.2576801,"-9.2576801,38.7699889",2015-10-30T00:00:00,2015-10-30T00:00:00,Lisboa,177,Sintra,2480,Belas
320,Eayo,x,x,,no,Health,,,,90776 Basil Junction,Parede,Cascais,Lisboa,x,x,Le Thi My Lien Pharmacy,Health,38.6926647,-9.3466983,"-9.3466983,38.6926647",2015-10-30T00:00:00,2015-10-30T00:00:00,Lisboa,170,Cascais,2360,Parede
323,Dynabox,x,x,,no,Health,,,,5088 Stoughton Pass,Prior Velho,Loures,Lisboa,x,x,,Health,38.7908786,-9.1194989,"-9.1194989,38.7908786",2015-10-30T00:00:00,2015-10-30T00:00:00,Lisboa,172,Loures,2425,Prior Velho
326,Photobean,x,x,,no,Health,,,,7184 Superior Junction,Porto Covo,Sines,Porto,x,x,,Health,37.8540608,-8.7921961,"-8.7921961,37.8540608",2015-10-30T00:00:00,2015-10-30T00:00:00,Setúbal,258,Sines,3329,Porto Covo
335,Brightbean,x,x,,no,Industrial,,,,25275 Monterey Parkway,Vila Chã,Vila do Conde,Porto,x,x,,Industrial,41.303548,-8.7353479,"-8.7353479,41.303548",2015-10-30T00:00:00,2015-10-30T00:00:00,Porto,223,Vila do Conde,3028,Vila Chã
336,Feedspan,x,x,,no,Industrial,,,,68143 Crowley Terrace,Porto Salvo,Oeiras,Lisboa,x,x,,Industrial,38.7157106,-9.3069187,"-9.3069187,38.7157106",2015-10-30T00:00:00,2015-10-30T00:00:00,Lisboa,176,Oeiras,2475,Porto Salvo
337,Youspan,x,x,,no,Health,,,,5 Little Fleur Circle,Cascais,Cascais,Lisboa,x,x,,Health,38.7255705,-9.4472984,"-9.4472984,38.7255705",2015-10-30T00:00:00,2015-10-30T00:00:00,Lisboa,170,Cascais,2358,Cascais
338,Tazzy,x,x,,no,Industrial,,,,37 Montana Point,Alfena,Valongo,Porto,x,x,,Industrial,41.2378592,-8.5349198,"-8.5349198,41.2378592",2015-10-30T00:00:00,2015-10-30T00:00:00,Porto,222,Valongo,2997,Alfena
341,Jaloo,x,x,,no,Home,,,,31359 Artisan Crossing,Barrosas (Santo Estêvão),Lousada,Porto,x,x,,Home,41.3259342,-8.2754117,"-8.2754117,41.3259342",2015-10-30T00:00:00,2015-10-30T00:00:00,Porto,211,Lousada,2779,Barrosas (Santo Estêvão)
346,Photojam,x,x,,no,Home,,,,6591 Stuart Point,Santa Maria De Emeres,Valpaços,Porto,x,x,Nha Thuoc Viet Nhat ( Viet Nhat Pharmacy ),Home,41.549665,-7.3871483,"-7.3871483,41.549665",2015-10-30T00:00:00,2015-10-30T00:00:00,Vila Real,280,Valpaços,3830,Santa Maria De Emeres
354,Linkbridge,x,x,,no,Home,,,,53 Manitowish Avenue,Macieira Da Lixa,Felgueiras,Porto,x,x,,Home,41.340135,-8.1456405,"-8.1456405,41.340135",2015-10-30T00:00:00,2015-10-30T00:00:00,Porto,209,Felgueiras,2742,Macieira Da Lixa
356,Quinu,x,x,,no,Home,,,,2286 Manufacturers Pass,São João Dos Montes,Vila Franca de Xira,Lisboa,x,x,,Home,38.9322221,-9.0158578,"-9.0158578,38.9322221",2015-10-30T00:00:00,2015-10-30T00:00:00,Lisboa,180,Vila Franca de Xira,2527,São João Dos Montes
359,Rhyzio,x,x,,no,Home,,,,25 Chinook Pass,Caxias,Oeiras,Lisboa,x,x,,Home,38.7122242,-9.2688282,"-9.2688282,38.7122242",2015-10-30T00:00:00,2015-10-30T00:00:00,Lisboa,176,Oeiras,2470,Caxias
360,Realmix,x,x,9056,yes,Home,"yes, 8670",,,425 Northfield Hill,A Dos Cunhados,Torres Vedras,Lisboa,x,x,,Home,39.1605965,-9.3472738,"-9.3472738,39.1605965",2015-10-30T00:00:00,2015-10-30T00:00:00,Lisboa,179,Torres Vedras,2500,A Dos Cunhados
366,Yoveo,x,x,,no,Home,,,,9395 Morning Circle,Sebolido,Penafiel,Porto,x,x,MinhThuy Pharmacy,Home,41.0534668,-8.3490278,"-8.3490278,41.0534668",2015-10-30T00:00:00,2015-10-30T00:00:00,Porto,218,Penafiel,2946,Sebolido
372,Eadel,x,x,,no,Home,,,,746 Claremont Junction,Ericeira,Mafra,Lisboa,x,x,,Home,38.9622585,-9.3855536,"-9.3855536,38.9622585",2015-10-30T00:00:00,2015-10-30T00:00:00,Lisboa,174,Mafra,2448,Ericeira
374,Livetube,x,x,,no,Health,,,,141 3rd Trail,Algueirão-Mem Martins,Sintra,Lisboa,x,x,,Health,38.80549,-9.3277081,"-9.3277081,38.80549",2015-10-30T00:00:00,2015-10-30T00:00:00,Lisboa,177,Sintra,2478,Algueirão-Mem Martins
382,Topicblab,x,x,,no,Home,,,,30 North Point,Campelos,Torres Vedras,Lisboa,x,x,,Home,39.1979413,-9.2356359,"-9.2356359,39.1979413",2015-10-30T00:00:00,2015-10-30T00:00:00,Lisboa,179,Torres Vedras,2501,Campelos
385,Dynabox,x,x,,no,Home,,,,62 Corscot Alley,Argivai,Póvoa de Varzim,Porto,x,x,,Home,41.3807001,-8.7336232,"-8.7336232,41.3807001",2015-10-30T00:00:00,2015-10-30T00:00:00,Porto,215,Póvoa de Varzim,2863,Argivai
392,Linklinks,x,x,,no,Home,,,,54035 Vahlen Pass,Caxias,Oeiras,Lisboa,x,x,,Home,38.708348,-9.2716405,"-9.2716405,38.708348",2015-10-30T00:00:00,2015-10-30T00:00:00,Lisboa,176,Oeiras,2470,Caxias
394,Kamba,x,x,,no,Home,,,,8751 Prairieview Parkway,Estoril,Cascais,Lisboa,x,x,,Home,38.7136413,-9.3736528,"-9.3736528,38.7136413",2015-10-30T00:00:00,2015-10-30T00:00:00,Lisboa,170,Cascais,2359,Estoril
397,Leenti,x,x,,no,Home,,,,35 Gale Plaza,Ferreiras,Albufeira,Faro,x,x,,Home,37.1270988,-8.2439177,"-8.2439177,37.1270988",2015-10-30T00:00:00,2015-10-30T00:00:00,Faro,120,Albufeira,1740,Ferreiras
403,Devify,x,x,,no,Home,,,,1060 Pierstorff Court,Alcabideche,Cascais,Lisboa,x,x,,Home,38.7146303,-9.414533,"-9.414533,38.7146303",2015-10-30T00:00:00,2015-10-30T00:00:00,Lisboa,170,Cascais,2356,Alcabideche
417,Babblestorm,x,x,,no,Home,,,,74930 Lukken Pass,Constance,Marco de Canaveses,Porto,x,x,,Home,41.2115446,-8.1699995,"-8.1699995,41.2115446",2015-10-30T00:00:00,2015-10-30T00:00:00,Porto,213,Marco de Canaveses,2823,Constance
418,Jaxspan,x,x,,no,Home,,,,47487 Sommers Avenue,Lamoso,Paços de Ferreira,Porto,x,x,,Home,41.3191581,-8.3601548,"-8.3601548,41.3191581",2015-10-30T00:00:00,2015-10-30T00:00:00,Porto,216,Paços de Ferreira,2880,Lamoso
420,Kamba,x,x,,no,Health,,,,05198 Fisk Avenue,Algueirão-Mem Martins,Sintra,Lisboa,x,x,,Health,38.8053198,-9.353007,"-9.353007,38.8053198",2015-10-30T00:00:00,2015-10-30T00:00:00,Lisboa,177,Sintra,2478,Algueirão-Mem Martins
423,Kanoodle,x,x,,no,Home,,,,69870 Claremont Park,Canidelo,Vila Nova de Gaia,Porto,x,x,,Home,41.1276055,-8.64789,"-8.64789,41.1276055",2015-10-30T00:00:00,2015-10-30T00:00:00,Porto,224,Vila Nova de Gaia,3035,Canidelo
424,Janyx,x,x,,no,Home,,,,075 Kings Trail,Cascais,Cascais,Lisboa,x,x,,Home,38.7255705,-9.4472984,"-9.4472984,38.7255705",2015-10-30T00:00:00,2015-10-30T00:00:00,Lisboa,170,Cascais,2358,Cascais
428,Yata,x,x,8550,yes,Health,,,,0 Nevada Pass,Urrô,Penafiel,Porto,x,x,,Health,41.1897615,-8.330057,"-8.330057,41.1897615",2015-10-30T00:00:00,2015-10-30T00:00:00,Porto,218,Penafiel,2947,Urrô
434,Eire,x,x,,no,Health,,,,96595 Melby Crossing,Alvarenga,Lousada,Porto,x,x,Nguyen Thi Trinh Pharmacy,Health,41.2914665,-8.270224,"-8.270224,41.2914665",2015-10-30T00:00:00,2015-10-30T00:00:00,Porto,211,Lousada,2777,Alvarenga
437,Trilia,x,x,,no,Health,,,,394 International Terrace,Nossa Senhora De Fátima,Lisboa,Porto,x,x,,Health,38.7360496,-9.1418159,"-9.1418159,38.7360496",2015-10-30T00:00:00,2015-10-30T00:00:00,Lisboa,171,Lisboa,2384,Nossa Senhora De Fátima
442,Wordify,x,x,,no,Health,,,,38 Scoville Place,Constance,Marco de Canaveses,Porto,x,x,,Health,41.2115446,-8.1699995,"-8.1699995,41.2115446",2015-10-30T00:00:00,2015-10-30T00:00:00,Porto,213,Marco de Canaveses,2823,Constance
450,Tanoodle,x,x,,no,Industrial,,,,4607 Artisan Court,Bougado (Santiago),Trofa,Porto,x,x,,Industrial,41.3351832,-8.6022276,"-8.6022276,41.3351832",2015-10-30T00:00:00,2015-10-30T00:00:00,Porto,221,Trofa,2991,Bougado (Santiago)
451,Browseblab,x,x,,no,Health,,,,0109 Warner Trail,Ansiães,Amarante,Porto,x,x,Thanh tien,Health,41.2496914,-7.948491,"-7.948491,41.2496914",2015-10-30T00:00:00,2015-10-30T00:00:00,Porto,207,Amarante,2676,Ansiães
454,Oyoyo,x,x,,no,Home,,,,8499 Swallow Road,Sanche,Amarante,Porto,x,x,,Home,41.2749848,-8.0080212,"-8.0080212,41.2749848",2015-10-30T00:00:00,2015-10-30T00:00:00,Porto,207,Amarante,2706,Sanche
465,Ooba,x,x,,no,Industrial,,,,0 Arapahoe Road,Alverca Do Ribatejo,Vila Franca de Xira,Lisboa,x,x,,Industrial,38.9022136,-9.0443293,"-9.0443293,38.9022136",2015-10-30T00:00:00,2015-10-30T00:00:00,Lisboa,180,Vila Franca de Xira,2521,Alverca Do Ribatejo
470,Jabbertype,x,x,,no,Home,,,,2288 Dorton Lane,Prior Velho,Loures,Lisboa,x,x,,Home,38.7908786,-9.1194989,"-9.1194989,38.7908786",2015-10-30T00:00:00,2015-10-30T00:00:00,Lisboa,172,Loures,2425,Prior Velho
471,Meeveo,x,x,,no,Home,,,,1029 Daystar Way,Luz,Alcoutim,Faro,x,x,,Home,37.0914183,-7.7047624,"-7.7047624,37.0914183",2015-10-30T00:00:00,2015-10-30T00:00:00,Faro,121,Alcoutim,1749,Luz
481,Avamba,x,x,,no,Home,,,,8536 Haas Pass,Sobral Da Abelheira,Mafra,Lisboa,x,x,,Home,38.9936299,-9.3338323,"-9.3338323,38.9936299",2015-10-30T00:00:00,2015-10-30T00:00:00,Lisboa,174,Mafra,2457,Sobral Da Abelheira
484,Zava,x,x,,no,Home,,,,302 Luster Junction,Constance,Marco de Canaveses,Porto,x,x,,Home,41.2115446,-8.1699995,"-8.1699995,41.2115446",2015-10-30T00:00:00,2015-10-30T00:00:00,Porto,213,Marco de Canaveses,2823,Constance
488,Jaxspan,x,x,,no,Industrial,,,,6 Summerview Road,Estela,Póvoa de Varzim,Porto,x,x,,Industrial,41.448315,-8.7482341,"-8.7482341,41.448315",2015-10-30T00:00:00,2015-10-30T00:00:00,Porto,215,Póvoa de Varzim,2866,Estela
492,Jabbersphere,x,x,,no,Home,,,,13135 Gerald Terrace,Touguinha,Vila do Conde,Porto,x,x,,Home,41.3715365,-8.7162646,"-8.7162646,41.3715365",2015-10-30T00:00:00,2015-10-30T00:00:00,Porto,223,Vila do Conde,3026,Touguinha
501,Vipe,x,x,,no,Industrial,,,,2 Londonderry Park,Guimarei,Santo Tirso,Porto,x,x,,Industrial,41.3006835,-8.4787949,"-8.4787949,41.3006835",2015-10-30T00:00:00,2015-10-30T00:00:00,Porto,220,Santo Tirso,2974,Guimarei
502,Tavu,x,x,,no,Industrial,,,,69 Cody Alley,Guidões,Trofa,Porto,x,x,,Industrial,41.3272921,-8.6275135,"-8.6275135,41.3272921",2015-10-30T00:00:00,2015-10-30T00:00:00,Porto,221,Trofa,2995,Guidões
503,Topicshots,x,x,,no,Industrial,,,,813 Grasskamp Crossing,Valadares,Baião,Porto,x,x,,Industrial,41.1509639,-7.9737002,"-7.9737002,41.1509639",2015-10-30T00:00:00,2015-10-30T00:00:00,Porto,208,Baião,2731,Valadares
511,Dabshots,x,x,,no,Home,,,,0 Knutson Street,Varziela,Felgueiras,Porto,x,x,,Home,41.3532895,-8.2103678,"-8.2103678,41.3532895",2015-10-30T00:00:00,2015-10-30T00:00:00,Porto,209,Felgueiras,2760,Varziela
512,Blogpad,x,x,,no,Health,,,,74287 Garrison Parkway,Parede,Cascais,Lisboa,x,x,,Health,38.6926647,-9.3466983,"-9.3466983,38.6926647",2015-10-30T00:00:00,2015-10-30T00:00:00,Lisboa,170,Cascais,2360,Parede
514,Flipstorm,x,x,,no,Home,,,,547 Victoria Court,Ariz,Marco de Canaveses,Porto,x,x,,Home,41.1059592,-8.2213311,"-8.2213311,41.1059592",2015-10-30T00:00:00,2015-10-30T00:00:00,Porto,213,Marco de Canaveses,2820,Ariz
519,Voolia,x,x,,no,Health,,,,0 Bashford Point,Algueirão-Mem Martins,Sintra,Lisboa,x,x,,Health,38.7831391,-9.3478294,"-9.3478294,38.7831391",2015-10-30T00:00:00,2015-10-30T00:00:00,Lisboa,177,Sintra,2478,Algueirão-Mem Martins
521,Buzzster,x,x,,no,Industrial,,,,3195 Ryan Avenue,São Julião Do Tojal,Loures,Lisboa,x,x,,Industrial,38.8426524,-9.1289108,"-9.1289108,38.8426524",2015-10-30T00:00:00,2015-10-30T00:00:00,Lisboa,172,Loures,2427,São Julião Do Tojal
525,Skajo,x,x,,no,Industrial,,,,28 Kinsman Street,Couto (Santa Cristina),Santo Tirso,Porto,x,x,,Industrial,41.3258441,-8.4786662,"-8.4786662,41.3258441",2015-10-30T00:00:00,2015-10-30T00:00:00,Porto,220,Santo Tirso,2973,Couto (Santa Cristina)
531,Yodel,x,x,,no,Industrial,,,,172 Sycamore Pass,Seixezelo,Vila Nova de Gaia,Porto,x,x,,Industrial,41.0353649,-8.5562534,"-8.5562534,41.0353649",2015-10-30T00:00:00,2015-10-30T00:00:00,Porto,224,Vila Nova de Gaia,3049,Seixezelo
534,Dynabox,x,x,,no,Home,,,,61 Beilfuss Circle,Vila Boa Do Bispo,Marco de Canaveses,Porto,x,x,,Home,41.1241415,-8.2082378,"-8.2082378,41.1241415",2015-10-30T00:00:00,2015-10-30T00:00:00,Porto,213,Marco de Canaveses,2849,Vila Boa Do Bispo
537,Jaloo,x,x,,no,Health,,,,5228 Welch Terrace,Muro,Trofa,Porto,x,x,,Health,41.3044511,-8.5943326,"-8.5943326,41.3044511",2015-10-30T00:00:00,2015-10-30T00:00:00,Porto,221,Trofa,2996,Muro
542,Realmix,x,x,23991,yes,Health,,30188158,,6971 Maple Wood Circle,Guidões,Trofa,Porto,x,x,,Health,41.3272921,-8.6275135,"-8.6275135,41.3272921",2015-10-30T00:00:00,2015-10-30T00:00:00,Porto,221,Trofa,2995,Guidões
553,Reallinks,x,x,,no,Health,,,,5161 Lotheville Hill,Arcos,Vila do Conde,Porto,x,x,,Health,41.3999288,-8.6637745,"-8.6637745,41.3999288",2015-10-30T00:00:00,2015-10-30T00:00:00,Porto,223,Vila do Conde,3003,Arcos
554,Vipe,x,x,16090,yes,Home,,,,21185 Reinke Circle,Olival,Vila Nova de Gaia,Porto,x,x,,Home,41.0743876,-8.5242992,"-8.5242992,41.0743876",2015-10-30T00:00:00,2015-10-30T00:00:00,Porto,224,Vila Nova de Gaia,3042,Olival
563,Photofeed,x,x,,no,Home,,,,656 Melody Crossing,Gove,Baião,Porto,x,x,,Home,41.1588991,-8.0638522,"-8.0638522,41.1588991",2015-10-30T00:00:00,2015-10-30T00:00:00,Porto,208,Baião,2718,Gove
572,Vidoo,x,x,,no,Health,,,,66309 Maryland Junction,Colares,Sintra,Lisboa,x,x,,Health,38.807616,-9.4519959,"-9.4519959,38.807616",2015-10-30T00:00:00,2015-10-30T00:00:00,Lisboa,177,Sintra,2483,Colares
573,Jetwire,x,x,,no,Health,,,,74 Petterle Avenue,Sobral Da Abelheira,Mafra,Lisboa,x,x,,Health,38.9936299,-9.3338323,"-9.3338323,38.9936299",2015-10-30T00:00:00,2015-10-30T00:00:00,Lisboa,174,Mafra,2457,Sobral Da Abelheira
576,Kwinu,x,x,,no,Home,,,,168 Scofield Alley,Guimarei,Santo Tirso,Porto,x,x,,Home,41.3006835,-8.4787949,"-8.4787949,41.3006835",2015-10-30T00:00:00,2015-10-30T00:00:00,Porto,220,Santo Tirso,2974,Guimarei
579,Jabbertype,x,x,24377,yes,Health,,,,595 Schurz Terrace,São Domingos De Rana,Cascais,Lisboa,x,x,,Health,38.7374207,-9.3390593,"-9.3390593,38.7374207",2015-10-30T00:00:00,2015-10-30T00:00:00,Lisboa,170,Cascais,2361,São Domingos De Rana
589,Yozio,x,x,8656,yes,Health,,,,5758 Becker Court,Alcabideche,Cascais,Lisboa,x,x,,Health,38.7432706,-9.3719884,"-9.3719884,38.7432706",2015-10-30T00:00:00,2015-10-30T00:00:00,Lisboa,170,Cascais,2356,Alcabideche
592,Tanoodle,x,x,,no,Health,,,,2 American Ash Center,Carcavelos,Cascais,Porto,x,x,Pharmacies Xuan Anh,Health,38.6871727,-9.3264629,"-9.3264629,38.6871727",2015-10-30T00:00:00,2015-10-30T00:00:00,Lisboa,170,Cascais,2357,Carcavelos
596,Realfire,x,x,,no,Health,,,,373 Schiller Trail,Monte Redondo,Torres Vedras,Lisboa,x,x,,Health,39.1168675,-9.2011356,"-9.2011356,39.1168675",2015-10-30T00:00:00,2015-10-30T00:00:00,Lisboa,179,Torres Vedras,2509,Monte Redondo
599,Browsezoom,x,x,8596,yes,Home,,,,6507 Jay Center,Nespereira,Lousada,Porto,x,x,,Home,41.248043,-8.2927634,"-8.2927634,41.248043",2015-10-30T00:00:00,2015-10-30T00:00:00,Porto,211,Lousada,2793,Nespereira
609,Feedspan,x,x,,no,Health,,,,63594 Independence Parkway,Alverca Do Ribatejo,Vila Franca de Xira,Lisboa,x,x,,Health,38.9022136,-9.0443293,"-9.0443293,38.9022136",2015-10-30T00:00:00,2015-10-30T00:00:00,Lisboa,180,Vila Franca de Xira,2521,Alverca Do Ribatejo
614,Katz,x,x,,no,Health,,,,435 Fulton Pass,Covelas,Trofa,Porto,x,x,,Health,41.2867247,-8.5474636,"-8.5474636,41.2867247",2015-10-30T00:00:00,2015-10-30T00:00:00,Porto,221,Trofa,2994,Covelas
616,Oozz,x,x,,no,Home,,,,44731 Hudson Pass,Lousa,Loures,Lisboa,x,x,,Home,38.8892896,-9.2065507,"-9.2065507,38.8892896",2015-10-30T00:00:00,2015-10-30T00:00:00,Lisboa,172,Loures,2422,Lousa
621,Jaxworks,x,x,,no,Health,,,,3405 Cottonwood Drive,Alcabideche,Cascais,Lisboa,x,x,,Health,38.7188171,-9.4194921,"-9.4194921,38.7188171",2015-10-30T00:00:00,2015-10-30T00:00:00,Lisboa,170,Cascais,2356,Alcabideche
623,Eazzy,x,x,,no,Health,,,,63245 Green Place,São Jorge De Arroios,Lisboa,Lisboa,x,x,,Health,38.7341216,-9.1394917,"-9.1394917,38.7341216",2015-10-30T00:00:00,2015-10-30T00:00:00,Lisboa,171,Lisboa,2394,São Jorge De Arroios
624,Vimbo,x,x,,no,Home,,,,07477 Ilene Terrace,Estela,Póvoa de Varzim,Porto,x,x,,Home,41.448315,-8.7482341,"-8.7482341,41.448315",2015-10-30T00:00:00,2015-10-30T00:00:00,Porto,215,Póvoa de Varzim,2866,Estela
626,Fivespan,x,x,,no,Home,,,,027 Chinook Street,Pinheiro,Penafiel,Porto,x,x,,Home,41.1150364,-8.2958281,"-8.2958281,41.1150364",2015-10-30T00:00:00,2015-10-30T00:00:00,Porto,218,Penafiel,2937,Pinheiro
627,Vinder,x,x,,no,Home,,,,36462 Hallows Trail,São Bartolomeu Dos Galegos,Lourinhã,Lisboa,x,x,,Home,39.2992172,-9.2824776,"-9.2824776,39.2992172",2015-10-30T00:00:00,2015-10-30T00:00:00,Lisboa,173,Lourinhã,2440,São Bartolomeu Dos Galegos
629,Minyx,x,x,,no,Home,,,,07290 Onsgard Hill,Cascais,Cascais,Lisboa,x,x,,Home,38.7121599,-9.4356652,"-9.4356652,38.7121599",2015-10-30T00:00:00,2015-10-30T00:00:00,Lisboa,170,Cascais,2358,Cascais
638,Leexo,x,x,,no,Industrial,,,,47761 Brown Park,Lourinhã,Lourinhã,Lisboa,x,x,,Industrial,39.2471607,-9.2641519,"-9.2641519,39.2471607",2015-10-30T00:00:00,2015-10-30T00:00:00,Lisboa,173,Lourinhã,2433,Lourinhã
641,Demizz,x,x,,no,Industrial,,,,0130 Gulseth Road,Frende,Baião,Porto,x,x,,Industrial,41.1256135,-7.925857,"-7.925857,41.1256135",2015-10-30T00:00:00,2015-10-30T00:00:00,Porto,208,Baião,2716,Frende
642,Oyoyo,x,x,,no,Home,,,,994 Elka Road,Mancelos,Amarante,Porto,x,x,,Home,41.2615617,-8.1756398,"-8.1756398,41.2615617",2015-10-30T00:00:00,2015-10-30T00:00:00,Porto,207,Amarante,2699,Mancelos
656,Bubbletube,x,x,,no,Health,,,,1907 Warbler Center,Grilo,Baião,Porto,x,x,,Health,41.1437202,-8.0677612,"-8.0677612,41.1437202",2015-10-30T00:00:00,2015-10-30T00:00:00,Porto,208,Baião,2719,Grilo
662,Blognation,x,x,,no,Industrial,,,,332 Farragut Court,Guidões,Trofa,Porto,x,x,,Industrial,41.3272921,-8.6275135,"-8.6275135,41.3272921",2015-10-30T00:00:00,2015-10-30T00:00:00,Porto,221,Trofa,2995,Guidões
663,Latz,x,x,,no,Industrial,,,,31291 Dixon Drive,Monte Redondo,Torres Vedras,Lisboa,x,x,,Industrial,39.1168675,-9.2011356,"-9.2011356,39.1168675",2015-10-30T00:00:00,2015-10-30T00:00:00,Lisboa,179,Torres Vedras,2509,Monte Redondo
676,Youspan,x,x,,no,Home,,,,13060 Glendale Alley,Bougado (São Martinho),Trofa,Porto,x,x,,Home,41.3307129,-8.5444494,"-8.5444494,41.3307129",2015-10-30T00:00:00,2015-10-30T00:00:00,Porto,221,Trofa,2990,Bougado (São Martinho)
681,Skaboo,x,x,,no,Home,,,,1084 Erie Plaza,Sande (São Lourenço),Braga,Porto,x,x,,Home,41.5024723,-8.3487249,"-8.3487249,41.5024723",2015-10-30T00:00:00,2015-10-30T00:00:00,Braga,69,Braga,776,Sande (São Lourenço)
689,Linkbuzz,x,x,22727,yes,Industrial,,,,57 Bobwhite Trail,Odivelas,Odivelas,Lisboa,x,x,,Industrial,38.7946533,-9.1792392,"-9.1792392,38.7946533",2015-10-30T00:00:00,2015-10-30T00:00:00,Lisboa,175,Odivelas,2462,Odivelas
691,Divanoodle,x,x,16102,yes,Health,,,,70904 Hudson Park,Algés,Oeiras,Lisboa,x,x,,Health,38.7043276,-9.2315277,"-9.2315277,38.7043276",2015-10-30T00:00:00,2015-10-30T00:00:00,Lisboa,176,Oeiras,2467,Algés
692,Topiczoom,x,x,,no,Home,,,,19 Weeping Birch Pass,Algueirão-Mem Martins,Sintra,Lisboa,x,x,,Home,38.796352,-9.3311668,"-9.3311668,38.796352",2015-10-30T00:00:00,2015-10-30T00:00:00,Lisboa,177,Sintra,2478,Algueirão-Mem Martins
694,LiveZ,x,x,4735,yes,Home,,,,811 Bowman Street,Canelas,Vila Nova de Gaia,Porto,x,x,,Home,41.0907665,-8.60487,"-8.60487,41.0907665",2015-10-30T00:00:00,2015-10-30T00:00:00,Porto,224,Vila Nova de Gaia,3034,Canelas
695,Eabox,x,x,,no,Health,,,,55 Pleasure Crossing,Sintra (São Martinho),Sintra,Lisboa,x,x,,Health,38.8247852,-9.4383868,"-9.4383868,38.8247852",2015-10-30T00:00:00,2015-10-30T00:00:00,Lisboa,177,Sintra,2493,Sintra (São Martinho)
696,Jazzy,x,x,,no,Health,,,,0 Sachtjen Avenue,Retorta,Vila do Conde,Porto,x,x,,Health,41.3602921,-8.7192157,"-8.7192157,41.3602921",2015-10-30T00:00:00,2015-10-30T00:00:00,Porto,223,Vila do Conde,3022,Retorta
702,Gabvine,x,x,,no,Industrial,,,,99785 Columbus Hill,Rebordelo,Amarante,Porto,x,x,,Industrial,41.3461777,-7.982286,"-7.982286,41.3461777",2015-10-30T00:00:00,2015-10-30T00:00:00,Porto,207,Amarante,2704,Rebordelo
705,Devpoint,x,x,,no,Health,,,,99 Prentice Parkway,Ferreiras,Albufeira,Faro,x,x,,Health,37.1270988,-8.2439177,"-8.2439177,37.1270988",2015-10-30T00:00:00,2015-10-30T00:00:00,Faro,120,Albufeira,1740,Ferreiras
706,Wordtune,x,x,,no,Health,,,,0465 Old Shore Park,Odeleite,Castro Marim,Faro,x,x,Pharmacy Thien,Health,37.3342647,-7.4879608,"-7.4879608,37.3342647",2015-10-30T00:00:00,2015-10-30T00:00:00,Faro,123,Castro Marim,1765,Odeleite
707,Skiptube,x,x,,no,Health,,,,9 Marquette Junction,Azueira,Mafra,Lisboa,x,x,,Health,39.0107208,-9.285291,"-9.285291,39.0107208",2015-10-30T00:00:00,2015-10-30T00:00:00,Lisboa,174,Mafra,2443,Azueira
709,Jaxnation,x,x,,no,Health,,,,62 Arizona Crossing,São Tomé De Covelas,Baião,Porto,x,x,,Health,41.1279946,-7.9859629,"-7.9859629,41.1279946",2015-10-30T00:00:00,2015-10-30T00:00:00,Porto,208,Baião,2725,São Tomé De Covelas
710,Jetwire,x,x,,no,Health,,,,5 Meadow Valley Pass,Ansiães,Amarante,Porto,x,x,,Health,41.2499754,-7.9522855,"-7.9522855,41.2499754",2015-10-30T00:00:00,2015-10-30T00:00:00,Porto,207,Amarante,2676,Ansiães
715,Eazzy,x,x,,no,Home,,,,46164 Service Place,Aveiras De Cima,Azambuja,Lisboa,x,x,,Home,39.1408814,-8.9008346,"-8.9008346,39.1408814",2015-10-30T00:00:00,2015-10-30T00:00:00,Lisboa,168,Azambuja,2339,Aveiras De Cima
718,Eidel,x,x,,no,Health,,,,9 Orin Crossing,Olival,Vila Nova de Gaia,Porto,x,x,,Health,41.0550723,-8.5177375,"-8.5177375,41.0550723",2015-10-30T00:00:00,2015-10-30T00:00:00,Porto,224,Vila Nova de Gaia,3042,Olival
719,Meetz,x,x,,no,Home,,,,88 Red Cloud Street,Gatão,Amarante,Porto,x,x,,Home,41.2973128,-8.0715693,"-8.0715693,41.2973128",2015-10-30T00:00:00,2015-10-30T00:00:00,Porto,207,Amarante,2691,Gatão
726,Zoozzy,x,x,,no,Home,,,,760 Lillian Drive,Freiria,Torres Vedras,Lisboa,x,x,Minh Phu Pharmacy,Home,39.0284006,-9.3200883,"-9.3200883,39.0284006",2015-10-30T00:00:00,2015-10-30T00:00:00,Lisboa,179,Torres Vedras,2505,Freiria
731,Plambee,x,x,9177,yes,Home,,,,79 Havey Pass,Olhalvo,Alenquer,Lisboa,x,x,,Home,39.0927696,-9.0571089,"-9.0571089,39.0927696",2015-10-30T00:00:00,2015-10-30T00:00:00,Lisboa,165,Alenquer,2316,Olhalvo
734,Katz,x,x,,no,Home,,,,07886 Arapahoe Drive,Refojos De Riba De Ave,Santo Tirso,Porto,x,x,,Home,41.2875744,-8.447078,"-8.447078,41.2875744",2015-10-30T00:00:00,2015-10-30T00:00:00,Porto,220,Santo Tirso,2982,Refojos De Riba De Ave
739,Roombo,x,x,,no,Home,,,,6 Hagan Terrace,Ansiães,Amarante,Porto,x,x,,Home,41.2499754,-7.9522855,"-7.9522855,41.2499754",2015-10-30T00:00:00,2015-10-30T00:00:00,Porto,207,Amarante,2676,Ansiães
740,Yotz,x,x,7593,yes,Industrial,,,,5 Cascade Lane,Rio De Mouro,Sintra,Lisboa,x,x,,Industrial,38.7554084,-9.3408903,"-9.3408903,38.7554084",2015-10-30T00:00:00,2015-10-30T00:00:00,Lisboa,177,Sintra,2490,Rio De Mouro
741,Divape,x,x,,no,Home,,,,691 Kenwood Alley,Alcabideche,Cascais,Lisboa,x,x,,Home,38.7146303,-9.414533,"-9.414533,38.7146303",2015-10-30T00:00:00,2015-10-30T00:00:00,Lisboa,170,Cascais,2356,Alcabideche
744,Bluezoom,x,x,,no,Industrial,,,,8 Cascade Alley,Argivai,Póvoa de Varzim,Porto,x,x,,Industrial,41.3807001,-8.7336232,"-8.7336232,41.3807001",2015-10-30T00:00:00,2015-10-30T00:00:00,Porto,215,Póvoa de Varzim,2863,Argivai
752,Thoughtworks,x,x,,no,Home,,,,864 Maywood Hill,São Tomé De Covelas,Baião,Porto,x,x,Vistar Pharmacy,Home,41.1279946,-7.9859629,"-7.9859629,41.1279946",2015-10-30T00:00:00,2015-10-30T00:00:00,Porto,208,Baião,2725,São Tomé De Covelas
754,Topiclounge,x,x,16073,yes,Home,,,,3729 Mosinee Way,Vila Boa Do Bispo,Marco de Canaveses,Porto,x,x,,Home,41.1241415,-8.2082378,"-8.2082378,41.1241415",2015-10-30T00:00:00,2015-10-30T00:00:00,Porto,213,Marco de Canaveses,2849,Vila Boa Do Bispo
755,Miboo,x,x,,no,Home,,,,2918 Bartelt Crossing,Cabeça Santa,Penafiel,Porto,x,x,,Home,41.1163724,-8.2693138,"-8.2693138,41.1163724",2015-10-30T00:00:00,2015-10-30T00:00:00,Porto,218,Penafiel,2915,Cabeça Santa
756,Tazz,x,x,,no,Home,,,,14 Surrey Pass,Belas,Sintra,Lisboa,x,x,,Home,38.7699889,-9.2576801,"-9.2576801,38.7699889",2015-10-30T00:00:00,2015-10-30T00:00:00,Lisboa,177,Sintra,2480,Belas
758,Pixonyx,x,x,,no,Home,,,,8705 Graceland Street,Arranhó,Arruda dos Vinhos,Lisboa,x,x,,Home,38.9550335,-9.1331143,"-9.1331143,38.9550335",2015-10-30T00:00:00,2015-10-30T00:00:00,Lisboa,167,Arruda dos Vinhos,2333,Arranhó
766,Fadeo,x,x,,no,Home,,,,62 Burrows Street,Nevogilde,Lousada,Porto,x,x,,Home,41.2592586,-8.3332193,"-8.3332193,41.2592586",2015-10-30T00:00:00,2015-10-30T00:00:00,Porto,211,Lousada,2794,Nevogilde
767,Yodo,x,x,,no,Industrial,,,,09 Melody Circle,Colares,Sintra,Lisboa,x,x,,Industrial,38.8220976,-9.4623504,"-9.4623504,38.8220976",2015-10-30T00:00:00,2015-10-30T00:00:00,Lisboa,177,Sintra,2483,Colares
771,Thoughtblab,x,x,,no,Home,,,,555 Twin Pines Hill,Guia,Albufeira,Faro,x,x,,Home,37.1264754,-8.2996637,"-8.2996637,37.1264754",2015-10-30T00:00:00,2015-10-30T00:00:00,Faro,120,Albufeira,1741,Guia
776,Blogpad,x,x,,no,Industrial,,,,1472 Oakridge Way,Torres Vedras (São Pedro E São Tiago),Torres Vedras,Lisboa,x,x,,Industrial,39.0961273,-9.2729402,"-9.2729402,39.0961273",2015-10-30T00:00:00,2015-10-30T00:00:00,Lisboa,179,Torres Vedras,2516,Torres Vedras (São Pedro E São Tiago)
778,Zoonder,x,x,,no,Industrial,,,,0383 Crest Line Court,Alverca Do Ribatejo,Vila Franca de Xira,Lisboa,x,x,Truong Tuong Linh Pharmacy,Industrial,38.9022136,-9.0443293,"-9.0443293,38.9022136",2015-10-30T00:00:00,2015-10-30T00:00:00,Lisboa,180,Vila Franca de Xira,2521,Alverca Do Ribatejo
791,Bubblemix,x,x,,no,Health,,,,6 Cherokee Terrace,Águas Santas,Maia,Porto,x,x,,Health,41.2022247,-8.5597719,"-8.5597719,41.2022247",2015-10-30T00:00:00,2015-10-30T00:00:00,Porto,212,Maia,2802,Águas Santas
792,Oozz,x,x,,no,Health,,,,05677 Namekagon Trail,Cascais,Cascais,Lisboa,x,x,,Health,38.7121599,-9.4356652,"-9.4356652,38.7121599",2015-10-30T00:00:00,2015-10-30T00:00:00,Lisboa,170,Cascais,2358,Cascais
793,Babblestorm,x,x,,no,Health,,,,85543 Larry Drive,Canadelo,Amarante,Porto,x,x,,Health,41.3199734,-7.9720237,"-7.9720237,41.3199734",2015-10-30T00:00:00,2015-10-30T00:00:00,Porto,207,Amarante,2679,Canadelo
804,Youopia,x,x,,no,Home,,,,89787 Westend Terrace,Algés,Oeiras,Lisboa,x,x,,Home,38.7087189,-9.2280364,"-9.2280364,38.7087189",2015-10-30T00:00:00,2015-10-30T00:00:00,Lisboa,176,Oeiras,2467,Algés
809,Dabshots,x,x,,no,Industrial,,,,20 Mesta Terrace,Sintra (Santa Maria E São Miguel),Sintra,Lisboa,x,x,,Industrial,38.7993886,-9.3855593,"-9.3855593,38.7993886",2015-10-30T00:00:00,2015-10-30T00:00:00,Lisboa,177,Sintra,2495,Sintra (Santa Maria E São Miguel)
812,Jabbercube,x,x,,no,Home,,,,4 Prairieview Plaza,Cascais,Cascais,Lisboa,x,x,,Home,38.7326381,-9.4508962,"-9.4508962,38.7326381",2015-10-30T00:00:00,2015-10-30T00:00:00,Lisboa,170,Cascais,2358,Cascais
813,Wordtune,x,x,6950,yes,Health,,,,1871 Welch Road,Torres Vedras (São Pedro E São Tiago),Torres Vedras,Lisboa,x,x,,Health,39.0961273,-9.2729402,"-9.2729402,39.0961273",2015-10-30T00:00:00,2015-10-30T00:00:00,Lisboa,179,Torres Vedras,2516,Torres Vedras (São Pedro E São Tiago)
814,Linklinks,x,x,,no,Home,,,,11088 Dennis Plaza,São João Dos Montes,Vila Franca de Xira,Lisboa,x,x,,Home,38.9322221,-9.0158578,"-9.0158578,38.9322221",2015-10-30T00:00:00,2015-10-30T00:00:00,Lisboa,180,Vila Franca de Xira,2527,São João Dos Montes
816,Gigabox,x,x,,no,Health,,,,9 Pond Center,Amorim,Póvoa de Varzim,Porto,x,x,,Health,41.40517,-8.7463716,"-8.7463716,41.40517",2015-10-30T00:00:00,2015-10-30T00:00:00,Porto,215,Póvoa de Varzim,2862,Amorim
818,Roombo,x,x,17886,yes,Home,,,,4 Merchant Crossing,Massamá,Sintra,Lisboa,x,x,,Home,38.7592621,-9.2760659,"-9.2760659,38.7592621",2015-10-30T00:00:00,2015-10-30T00:00:00,Lisboa,177,Sintra,2484,Massamá
821,Linkbuzz,x,x,,no,Home,,,,4646 Bluestem Court,Algoz,Silves,Faro,x,x,,Home,37.1623309,-8.3013935,"-8.3013935,37.1623309",2015-10-30T00:00:00,2015-10-30T00:00:00,Faro,132,Silves,1807,Algoz
823,Blogtag,x,x,,no,Health,,,,637 Pierstorff Alley,São Domingos De Rana,Cascais,Lisboa,x,x,,Health,38.7074953,-9.3556975,"-9.3556975,38.7074953",2015-10-30T00:00:00,2015-10-30T00:00:00,Lisboa,170,Cascais,2361,São Domingos De Rana
824,Skinix,x,x,16262,yes,Home,,,,1082 Farwell Drive,Algueirão-Mem Martins,Sintra,Lisboa,x,x,,Home,38.8107633,-9.3430272,"-9.3430272,38.8107633",2015-10-30T00:00:00,2015-10-30T00:00:00,Lisboa,177,Sintra,2478,Algueirão-Mem Martins
825,Zava,x,x,,no,Health,,,,259 Hovde Hill,Algueirão-Mem Martins,Sintra,Lisboa,x,x,,Health,38.7831391,-9.3478294,"-9.3478294,38.7831391",2015-10-30T00:00:00,2015-10-30T00:00:00,Lisboa,177,Sintra,2478,Algueirão-Mem Martins
833,Youspan,x,x,,no,Home,,,,3 Barnett Road,Sobral Da Abelheira,Mafra,Lisboa,x,x,,Home,38.9936299,-9.3338323,"-9.3338323,38.9936299",2015-10-30T00:00:00,2015-10-30T00:00:00,Lisboa,174,Mafra,2457,Sobral Da Abelheira
838,Quimba,x,x,,no,Health,,,,40963 Eggendart Trail,Rio De Mouro,Sintra,Lisboa,x,x,Hien Duc Pharmacy,Health,38.7637108,-9.327504,"-9.327504,38.7637108",2015-10-30T00:00:00,2015-10-30T00:00:00,Lisboa,177,Sintra,2490,Rio De Mouro
843,Browsetype,x,x,17232,yes,Health,,,,30 Redwing Way,Rio De Mouro,Sintra,Lisboa,x,x,,Health,38.7638314,-9.3180715,"-9.3180715,38.7638314",2015-10-30T00:00:00,2015-10-30T00:00:00,Lisboa,177,Sintra,2490,Rio De Mouro
846,Wordware,x,x,,no,Health,,,,18002 Almo Road,Alfândega Da Fé,Alfândega da Fé,Porto,x,x,,Health,41.3349436,-6.9646803,"-6.9646803,41.3349436",2015-10-30T00:00:00,2015-10-30T00:00:00,Bragança,80,Alfândega da Fé,1072,Alfândega Da Fé
847,Zooxo,x,x,,no,Health,,,,97 Sunnyside Court,Sanche,Amarante,Porto,x,x,,Health,41.2749848,-8.0080212,"-8.0080212,41.2749848",2015-10-30T00:00:00,2015-10-30T00:00:00,Porto,207,Amarante,2706,Sanche
863,Jabbersphere,x,x,,no,Industrial,,,,7259 Springs Crossing,Barcarena,Oeiras,Lisboa,x,x,Nguyen Thi My Pharmacy,Industrial,38.7451684,-9.2670871,"-9.2670871,38.7451684",2015-10-30T00:00:00,2015-10-30T00:00:00,Lisboa,176,Oeiras,2468,Barcarena
864,Talane,x,x,,no,Home,,,,03 Johnson Place,Argivai,Póvoa de Varzim,Porto,x,x,,Home,41.3807001,-8.7336232,"-8.7336232,41.3807001",2015-10-30T00:00:00,2015-10-30T00:00:00,Porto,215,Póvoa de Varzim,2863,Argivai
865,Ailane,x,x,,no,Industrial,,,,90 Holmberg Alley,Guimarei,Santo Tirso,Porto,x,x,,Industrial,41.3006835,-8.4787949,"-8.4787949,41.3006835",2015-10-30T00:00:00,2015-10-30T00:00:00,Porto,220,Santo Tirso,2974,Guimarei
867,Kimia,x,x,8703,yes,Industrial,,,,689 West Pass,Algoz,Silves,Faro,x,x,,Industrial,37.1623309,-8.3013935,"-8.3013935,37.1623309",2015-10-30T00:00:00,2015-10-30T00:00:00,Faro,132,Silves,1807,Algoz
869,Dabvine,x,x,,no,Health,,,,36787 North Court,Carcavelos,Cascais,Lisboa,x,x,,Health,38.682014,-9.3291367,"-9.3291367,38.682014",2015-10-30T00:00:00,2015-10-30T00:00:00,Lisboa,170,Cascais,2357,Carcavelos
872,Yozio,x,x,,no,Health,,,,3 Haas Center,Guidões,Trofa,Porto,x,x,Nguyen Thi Phi Pharmacy,Health,41.3272921,-8.6275135,"-8.6275135,41.3272921",2015-10-30T00:00:00,2015-10-30T00:00:00,Porto,221,Trofa,2995,Guidões
875,Dabvine,x,x,,no,Industrial,,,,72039 Annamark Junction,Caxias,Oeiras,Lisboa,x,x,,Industrial,38.708348,-9.2716405,"-9.2716405,38.708348",2015-10-30T00:00:00,2015-10-30T00:00:00,Lisboa,176,Oeiras,2470,Caxias
879,Quinu,x,x,,no,Home,,,,19 Tony Parkway,Guia,Albufeira,Faro,x,x,,Home,37.1264754,-8.2996637,"-8.2996637,37.1264754",2015-10-30T00:00:00,2015-10-30T00:00:00,Faro,120,Albufeira,1741,Guia
886,Jamia,x,x,,no,Home,,,,24 Golf Course Hill,Moita Dos Ferreiros,Lourinhã,Lisboa,x,x,,Home,39.2167,-9.2167,"-9.2167,39.2167",2015-10-30T00:00:00,2015-10-30T00:00:00,Lisboa,173,Lourinhã,2436,Moita Dos Ferreiros
887,Bubblemix,x,x,,no,Industrial,,,,83758 Schmedeman Center,Sintra (São Martinho),Sintra,Lisboa,x,x,,Industrial,38.8190181,-9.3945817,"-9.3945817,38.8190181",2015-10-30T00:00:00,2015-10-30T00:00:00,Lisboa,177,Sintra,2493,Sintra (São Martinho)
898,Kayveo,x,x,,no,Health,,,,3 Oak Valley Alley,Constance,Marco de Canaveses,Porto,x,x,,Health,41.2115446,-8.1699995,"-8.1699995,41.2115446",2015-10-30T00:00:00,2015-10-30T00:00:00,Porto,213,Marco de Canaveses,2823,Constance
900,Pixope,x,x,,no,Home,,,,89 Fair Oaks Park,Tavira (Santa Maria),Alcoutim,Faro,x,x,,Home,37.1306168,-7.650062,"-7.650062,37.1306168",2015-10-30T00:00:00,2015-10-30T00:00:00,Faro,121,Alcoutim,1755,Tavira (Santa Maria)
902,Oozz,x,x,,no,Home,,,,61 Thackeray Hill,Sobral Da Abelheira,Mafra,Lisboa,x,x,,Home,38.9936299,-9.3338323,"-9.3338323,38.9936299",2015-10-30T00:00:00,2015-10-30T00:00:00,Lisboa,174,Mafra,2457,Sobral Da Abelheira
907,Wikizz,x,x,,no,Industrial,,,,284 Dwight Crossing,Fânzeres,Gondomar,Porto,x,x,,Industrial,41.1693186,-8.5341147,"-8.5341147,41.1693186",2015-10-30T00:00:00,2015-10-30T00:00:00,Porto,210,Gondomar,2767,Fânzeres
908,Miboo,x,x,,no,Health,,,,49 Huxley Parkway,Belas,Sintra,Lisboa,x,x,,Health,38.7699889,-9.2576801,"-9.2576801,38.7699889",2015-10-30T00:00:00,2015-10-30T00:00:00,Lisboa,177,Sintra,2480,Belas
913,Divavu,x,x,,no,Health,,,,7 Kipling Center,Bitarães,Paredes,Porto,x,x,,Health,41.2294415,-8.3150887,"-8.3150887,41.2294415",2015-10-30T00:00:00,2015-10-30T00:00:00,Porto,217,Paredes,2893,Bitarães
922,Rhyloo,x,x,,no,Home,,,,46 Gerald Terrace,Algueirão-Mem Martins,Sintra,Lisboa,x,x,,Home,38.8107633,-9.3430272,"-9.3430272,38.8107633",2015-10-30T00:00:00,2015-10-30T00:00:00,Lisboa,177,Sintra,2478,Algueirão-Mem Martins
927,Yakitri,x,x,,no,Home,,,,180 Maple Place,Alcabideche,Cascais,Lisboa,x,x,,Home,38.7432706,-9.3719884,"-9.3719884,38.7432706",2015-10-30T00:00:00,2015-10-30T00:00:00,Lisboa,170,Cascais,2356,Alcabideche
929,Dazzlesphere,x,x,19162,yes,Home,,,,8 High Crossing Court,Santiago De Subarrifana,Penafiel,Porto,x,x,,Home,41.2185635,-8.3027037,"-8.3027037,41.2185635",2015-10-30T00:00:00,2015-10-30T00:00:00,Porto,218,Penafiel,2945,Santiago De Subarrifana
930,Dabfeed,x,x,,no,Health,,,,40 Brentwood Park,Sousa,Felgueiras,Porto,x,x,,Health,41.3507611,-8.2517567,"-8.2517567,41.3507611",2015-10-30T00:00:00,2015-10-30T00:00:00,Porto,209,Felgueiras,2756,Sousa
936,Bubblemix,x,x,,no,Health,,,,963 Schlimgen Drive,Fânzeres,Gondomar,Porto,x,x,,Health,41.1693186,-8.5341147,"-8.5341147,41.1693186",2015-10-30T00:00:00,2015-10-30T00:00:00,Porto,210,Gondomar,2767,Fânzeres
939,Voomm,x,x,,no,Health,,,,57711 Fulton Drive,Pinheiro,Penafiel,Porto,x,x,,Health,41.1150364,-8.2958281,"-8.2958281,41.1150364",2015-10-30T00:00:00,2015-10-30T00:00:00,Porto,218,Penafiel,2937,Pinheiro
940,Tagcat,x,x,8468,yes,Health,,,,85 Daystar Drive,Figueiró (Santiago),Amarante,Porto,x,x,,Health,41.3121037,-8.1656088,"-8.1656088,41.3121037",2015-10-30T00:00:00,2015-10-30T00:00:00,Porto,207,Amarante,2686,Figueiró (Santiago)
946,Skyble,x,x,,no,Industrial,,,,8 Hintze Hill,São Domingos De Rana,Cascais,Lisboa,x,x,,Industrial,38.7374207,-9.3390593,"-9.3390593,38.7374207",2015-10-30T00:00:00,2015-10-30T00:00:00,Lisboa,170,Cascais,2361,São Domingos De Rana
947,Quimba,x,x,,no,Industrial,,,,3 Monica Circle,Astromil,Paredes,Porto,x,x,,Industrial,41.1961503,-8.4156809,"-8.4156809,41.1961503",2015-10-30T00:00:00,2015-10-30T00:00:00,Porto,217,Paredes,2889,Astromil
948,Linkbuzz,x,x,,no,Health,,,,935 Hintze Park,Vila Chã,Vila do Conde,Porto,x,x,,Health,41.303548,-8.7353479,"-8.7353479,41.303548",2015-10-30T00:00:00,2015-10-30T00:00:00,Porto,223,Vila do Conde,3028,Vila Chã
953,Yoveo,x,x,6457,yes,Industrial,,,,40 Ridge Oak Way,Quarteira,Loulé,Faro,x,x,,Industrial,37.1029277,-8.0989597,"-8.0989597,37.1029277",2015-10-30T00:00:00,2015-10-30T00:00:00,Faro,127,Loulé,1791,Quarteira
955,Rhyzio,x,x,,no,Home,,,,1 Shoshone Trail,Balazar,Póvoa de Varzim,Porto,x,x,,Home,41.4024948,-8.6407151,"-8.6407151,41.4024948",2015-10-30T00:00:00,2015-10-30T00:00:00,Porto,215,Póvoa de Varzim,2864,Balazar
957,Aibox,x,x,7681,yes,Health,,,,2 Dawn Terrace,Alcabideche,Cascais,Lisboa,x,x,,Health,38.731148,-9.3641114,"-9.3641114,38.731148",2015-10-30T00:00:00,2015-10-30T00:00:00,Lisboa,170,Cascais,2356,Alcabideche
958,Thoughtblab,x,x,,no,Home,,,,27168 Quincy Drive,Canidelo,Vila Nova de Gaia,Porto,x,x,,Home,41.1276055,-8.64789,"-8.64789,41.1276055",2015-10-30T00:00:00,2015-10-30T00:00:00,Porto,224,Vila Nova de Gaia,3035,Canidelo
960,Skyndu,x,x,,no,Home,,,,83 High Crossing Street,Urrô,Penafiel,Porto,x,x,My Tam Pharmacy,Home,41.1897615,-8.330057,"-8.330057,41.1897615",2015-10-30T00:00:00,2015-10-30T00:00:00,Porto,218,Penafiel,2947,Urrô
962,Jetwire,x,x,,no,Health,,,,612 Basil Way,Frende,Baião,Porto,x,x,,Health,41.1245616,-7.9287227,"-7.9287227,41.1245616",2015-10-30T00:00:00,2015-10-30T00:00:00,Porto,208,Baião,2716,Frende
964,Jetwire,x,x,,no,Home,,,,118 Ronald Regan Way,Fornos,Marco de Canaveses,Porto,x,x,,Home,41.1900203,-8.1419858,"-8.1419858,41.1900203",2015-10-30T00:00:00,2015-10-30T00:00:00,Porto,213,Marco de Canaveses,2826,Fornos
966,Blogspan,x,x,,no,Industrial,,,,341 Cherokee Crossing,Muro,Trofa,Porto,x,x,,Industrial,41.3044511,-8.5943326,"-8.5943326,41.3044511",2015-10-30T00:00:00,2015-10-30T00:00:00,Porto,221,Trofa,2996,Muro
968,Skinte,x,x,7680,yes,Home,,30190862,,61362 Scoville Avenue,Bougado (Santiago),Trofa,Porto,x,x,,Home,41.3336366,-8.5749394,"-8.5749394,41.3336366",2015-10-30T00:00:00,2015-10-30T00:00:00,Porto,221,Trofa,2991,Bougado (Santiago)
971,Wordware,x,x,,no,Health,,,,62 5th Circle,Figueiró (Santiago),Amarante,Porto,x,x,,Health,41.3121037,-8.1656088,"-8.1656088,41.3121037",2015-10-30T00:00:00,2015-10-30T00:00:00,Porto,207,Amarante,2686,Figueiró (Santiago)
977,Realblab,x,x,7778,yes,Health,,,,63 Swallow Lane,Carnaxide,Oeiras,Lisboa,x,x,,Health,38.7263653,-9.2359767,"-9.2359767,38.7263653",2015-10-30T00:00:00,2015-10-30T00:00:00,Lisboa,176,Oeiras,2469,Carnaxide
980,Thoughtsphere,x,x,,no,Health,,,,262 Jackson Plaza,Bougado (São Martinho),Trofa,Porto,x,x,,Health,41.3307129,-8.5444494,"-8.5444494,41.3307129",2015-10-30T00:00:00,2015-10-30T00:00:00,Porto,221,Trofa,2990,Bougado (São Martinho)
981,Youtags,x,x,,no,Industrial,,,,29407 Corben Center,Besteiros,Paredes,Porto,x,x,,Industrial,41.2263185,-8.344485,"-8.344485,41.2263185",2015-10-30T00:00:00,2015-10-30T00:00:00,Porto,217,Paredes,2892,Besteiros
983,Innojam,x,x,,no,Home,,,,9240 Lien Court,São Miguel De Alcainça,Mafra,Lisboa,x,x,,Home,38.9188879,-9.2928406,"-9.2928406,38.9188879",2015-10-30T00:00:00,2015-10-30T00:00:00,Lisboa,174,Mafra,2454,São Miguel De Alcainça
984,Topiczoom,x,x,,no,Home,,,,10 North Street,Belas,Sintra,Lisboa,x,x,,Home,38.7759506,-9.2661131,"-9.2661131,38.7759506",2015-10-30T00:00:00,2015-10-30T00:00:00,Lisboa,177,Sintra,2480,Belas
999,Katz,x,x,,no,Health,,,,79919 Lien Terrace,Mancelos,Amarante,Porto,x,x,,Health,41.2615617,-8.1756398,"-8.1756398,41.2615617",2015-10-30T00:00:00,2015-10-30T00:00:00,Porto,207,Amarante,2699,Mancelos
1000,Babbleset,x,x,,no,Health,,,,9386 Northport Junction,Algueirão-Mem Martins,Sintra,Lisboa,x,x,,Health,38.7831391,-9.3478294,"-9.3478294,38.7831391",2015-10-30T00:00:00,2015-10-30T00:00:00,Lisboa,177,Sintra,2478,Algueirão-Mem Martins
